date,mdates,commodity,price,unit
2010-01-01,2010m1,Aluminum,2235.0,$/mt
2010-02-01,2010m2,Aluminum,2049.0,$/mt
2010-03-01,2010m3,Aluminum,2206.0,$/mt
2010-04-01,2010m4,Aluminum,2317.0,$/mt
2010-05-01,2010m5,Aluminum,2041.0,$/mt
2010-06-01,2010m6,Aluminum,1931.0,$/mt
2010-07-01,2010m7,Aluminum,1988.0,$/mt
2010-08-01,2010m8,Aluminum,2118.0,$/mt
2010-09-01,2010m9,Aluminum,2162.0,$/mt
2010-10-01,2010m10,Aluminum,2347.0,$/mt
2010-11-01,2010m11,Aluminum,2333.0,$/mt
2010-12-01,2010m12,Aluminum,2351.0,$/mt
2011-01-01,2011m1,Aluminum,2440.0,$/mt
2011-02-01,2011m2,Aluminum,2508.0,$/mt
2011-03-01,2011m3,Aluminum,2556.0,$/mt
2011-04-01,2011m4,Aluminum,2678.0,$/mt
2011-05-01,2011m5,Aluminum,2596.0,$/mt
2011-06-01,2011m6,Aluminum,2558.0,$/mt
2011-07-01,2011m7,Aluminum,2525.0,$/mt
2011-08-01,2011m8,Aluminum,2379.0,$/mt
2011-09-01,2011m9,Aluminum,2293.0,$/mt
2011-10-01,2011m10,Aluminum,2181.0,$/mt
2011-11-01,2011m11,Aluminum,2080.0,$/mt
2011-12-01,2011m12,Aluminum,2022.0,$/mt
2012-01-01,2012m1,Aluminum,2144.0,$/mt
2012-02-01,2012m2,Aluminum,2208.0,$/mt
2012-03-01,2012m3,Aluminum,2184.0,$/mt
2012-04-01,2012m4,Aluminum,2050.0,$/mt
2012-05-01,2012m5,Aluminum,2008.0,$/mt
2012-06-01,2012m6,Aluminum,1890.0,$/mt
2012-07-01,2012m7,Aluminum,1876.0,$/mt
2012-08-01,2012m8,Aluminum,1845.0,$/mt
2012-09-01,2012m9,Aluminum,2064.0,$/mt
2012-10-01,2012m10,Aluminum,1974.0,$/mt
2012-11-01,2012m11,Aluminum,1949.0,$/mt
2012-12-01,2012m12,Aluminum,2087.0,$/mt
2013-01-01,2013m1,Aluminum,2038.0,$/mt
2013-02-01,2013m2,Aluminum,2054.0,$/mt
2013-03-01,2013m3,Aluminum,1910.0,$/mt
2013-04-01,2013m4,Aluminum,1862.0,$/mt
2013-05-01,2013m5,Aluminum,1832.0,$/mt
2013-06-01,2013m6,Aluminum,1815.0,$/mt
2013-07-01,2013m7,Aluminum,1770.0,$/mt
2013-08-01,2013m8,Aluminum,1818.0,$/mt
2013-09-01,2013m9,Aluminum,1761.0,$/mt
2013-10-01,2013m10,Aluminum,1815.0,$/mt
2013-11-01,2013m11,Aluminum,1748.0,$/mt
2013-12-01,2013m12,Aluminum,1740.0,$/mt
2014-01-01,2014m1,Aluminum,1727.0,$/mt
2014-02-01,2014m2,Aluminum,1695.0,$/mt
2014-03-01,2014m3,Aluminum,1705.0,$/mt
2014-04-01,2014m4,Aluminum,1811.0,$/mt
2014-05-01,2014m5,Aluminum,1751.0,$/mt
2014-06-01,2014m6,Aluminum,1839.0,$/mt
2014-07-01,2014m7,Aluminum,1948.0,$/mt
2014-08-01,2014m8,Aluminum,2030.0,$/mt
2014-09-01,2014m9,Aluminum,1990.0,$/mt
2014-10-01,2014m10,Aluminum,1946.0,$/mt
2014-11-01,2014m11,Aluminum,2056.0,$/mt
2014-12-01,2014m12,Aluminum,1909.0,$/mt
2015-01-01,2015m1,Aluminum,1815.0,$/mt
2015-02-01,2015m2,Aluminum,1818.0,$/mt
2015-03-01,2015m3,Aluminum,1774.0,$/mt
2015-04-01,2015m4,Aluminum,1819.0,$/mt
2015-05-01,2015m5,Aluminum,1804.0,$/mt
2015-06-01,2015m6,Aluminum,1688.0,$/mt
2015-07-01,2015m7,Aluminum,1640.0,$/mt
2015-08-01,2015m8,Aluminum,1548.0,$/mt
2015-09-01,2015m9,Aluminum,1590.0,$/mt
2015-10-01,2015m10,Aluminum,1516.0,$/mt
2015-11-01,2015m11,Aluminum,1468.0,$/mt
2015-12-01,2015m12,Aluminum,1497.0,$/mt
2016-01-01,2016m1,Aluminum,1481.0,$/mt
2016-02-01,2016m2,Aluminum,1531.0,$/mt
2016-03-01,2016m3,Aluminum,1531.0,$/mt
2016-04-01,2016m4,Aluminum,1571.0,$/mt
2016-05-01,2016m5,Aluminum,1551.0,$/mt
2016-06-01,2016m6,Aluminum,1594.0,$/mt
2016-07-01,2016m7,Aluminum,1629.0,$/mt
2016-08-01,2016m8,Aluminum,1639.0,$/mt
2016-09-01,2016m9,Aluminum,1592.0,$/mt
2016-10-01,2016m10,Aluminum,1666.0,$/mt
2016-11-01,2016m11,Aluminum,1737.0,$/mt
2016-12-01,2016m12,Aluminum,1728.0,$/mt
2017-01-01,2017m1,Aluminum,1791.0,$/mt
2017-02-01,2017m2,Aluminum,1861.0,$/mt
2017-03-01,2017m3,Aluminum,1901.0,$/mt
2017-04-01,2017m4,Aluminum,1921.0,$/mt
2017-05-01,2017m5,Aluminum,1913.0,$/mt
2017-06-01,2017m6,Aluminum,1885.0,$/mt
2017-07-01,2017m7,Aluminum,1903.0,$/mt
2017-08-01,2017m8,Aluminum,2030.0,$/mt
2017-09-01,2017m9,Aluminum,2096.0,$/mt
2017-10-01,2017m10,Aluminum,2131.0,$/mt
2017-11-01,2017m11,Aluminum,2097.0,$/mt
2017-12-01,2017m12,Aluminum,2080.0,$/mt
2018-01-01,2018m1,Aluminum,2210.0,$/mt
2018-02-01,2018m2,Aluminum,2182.0,$/mt
2018-03-01,2018m3,Aluminum,2069.0,$/mt
2018-04-01,2018m4,Aluminum,2255.0,$/mt
2018-05-01,2018m5,Aluminum,2300.0,$/mt
2018-06-01,2018m6,Aluminum,2238.0,$/mt
2018-07-01,2018m7,Aluminum,2082.0,$/mt
2018-08-01,2018m8,Aluminum,2052.0,$/mt
2018-09-01,2018m9,Aluminum,2026.0,$/mt
2018-10-01,2018m10,Aluminum,2030.0,$/mt
2018-11-01,2018m11,Aluminum,1939.0,$/mt
2018-12-01,2018m12,Aluminum,1920.0,$/mt
2019-01-01,2019m1,Aluminum,1854.0,$/mt
2019-02-01,2019m2,Aluminum,1863.0,$/mt
2019-03-01,2019m3,Aluminum,1871.0,$/mt
2019-04-01,2019m4,Aluminum,1845.0,$/mt
2019-05-01,2019m5,Aluminum,1781.0,$/mt
2019-06-01,2019m6,Aluminum,1756.0,$/mt
2019-07-01,2019m7,Aluminum,1797.0,$/mt
2019-08-01,2019m8,Aluminum,1741.0,$/mt
2019-09-01,2019m9,Aluminum,1754.0,$/mt
2019-10-01,2019m10,Aluminum,1726.0,$/mt
2019-11-01,2019m11,Aluminum,1775.0,$/mt
2019-12-01,2019m12,Aluminum,1771.0,$/mt
2020-01-01,2020m1,Aluminum,1773.0,$/mt
2020-02-01,2020m2,Aluminum,1688.0,$/mt
2020-03-01,2020m3,Aluminum,1611.0,$/mt
2020-04-01,2020m4,Aluminum,1460.0,$/mt
2020-05-01,2020m5,Aluminum,1466.0,$/mt
2020-06-01,2020m6,Aluminum,1569.0,$/mt
2020-07-01,2020m7,Aluminum,1644.0,$/mt
2020-08-01,2020m8,Aluminum,1737.0,$/mt
2020-09-01,2020m9,Aluminum,1744.0,$/mt
2020-10-01,2020m10,Aluminum,1806.0,$/mt
2020-11-01,2020m11,Aluminum,1935.0,$/mt
2020-12-01,2020m12,Aluminum,2015.0,$/mt
2021-01-01,2021m1,Aluminum,2004.0,$/mt
2021-02-01,2021m2,Aluminum,2079.0,$/mt
2021-03-01,2021m3,Aluminum,2190.0,$/mt
2021-04-01,2021m4,Aluminum,2319.0,$/mt
2021-05-01,2021m5,Aluminum,2434.0,$/mt
2021-06-01,2021m6,Aluminum,2447.0,$/mt
2021-07-01,2021m7,Aluminum,2498.0,$/mt
2021-08-01,2021m8,Aluminum,2603.0,$/mt
2021-09-01,2021m9,Aluminum,2835.0,$/mt
2021-10-01,2021m10,Aluminum,2934.0,$/mt
2021-11-01,2021m11,Aluminum,2636.0,$/mt
2021-12-01,2021m12,Aluminum,2696.0,$/mt
2022-01-01,2022m1,Aluminum,3006.0,$/mt
2022-02-01,2022m2,Aluminum,3246.0,$/mt
2022-03-01,2022m3,Aluminum,3498.0,$/mt
2022-04-01,2022m4,Aluminum,3244.0,$/mt
2022-05-01,2022m5,Aluminum,2830.0,$/mt
2022-06-01,2022m6,Aluminum,2563.0,$/mt
2022-07-01,2022m7,Aluminum,2408.0,$/mt
2022-08-01,2022m8,Aluminum,2431.0,$/mt
2022-09-01,2022m9,Aluminum,2225.0,$/mt
2022-10-01,2022m10,Aluminum,2256.0,$/mt
2022-11-01,2022m11,Aluminum,2351.0,$/mt
2022-12-01,2022m12,Aluminum,2402.0,$/mt
2023-01-01,2023m1,Aluminum,2502.0,$/mt
2023-02-01,2023m2,Aluminum,2416.0,$/mt
2023-03-01,2023m3,Aluminum,2296.0,$/mt
2023-04-01,2023m4,Aluminum,2343.0,$/mt
2023-05-01,2023m5,Aluminum,2269.0,$/mt
2023-06-01,2023m6,Aluminum,2185.0,$/mt
2023-07-01,2023m7,Aluminum,2160.0,$/mt
2023-08-01,2023m8,Aluminum,2137.0,$/mt
2023-09-01,2023m9,Aluminum,2185.0,$/mt
2023-10-01,2023m10,Aluminum,2192.0,$/mt
2023-11-01,2023m11,Aluminum,2202.0,$/mt
2023-12-01,2023m12,Aluminum,2182.0,$/mt
2024-01-01,2024m1,Aluminum,2193.0,$/mt
2024-02-01,2024m2,Aluminum,2179.0,$/mt
2024-03-01,2024m3,Aluminum,2226.0,$/mt
2024-04-01,2024m4,Aluminum,2506.0,$/mt
2024-05-01,2024m5,Aluminum,2565.0,$/mt
2024-06-01,2024m6,Aluminum,2498.0,$/mt
2024-07-01,2024m7,Aluminum,2349.0,$/mt
2024-08-01,2024m8,Aluminum,2344.0,$/mt
2024-09-01,2024m9,Aluminum,2450.0,$/mt
2024-10-01,2024m10,Aluminum,2596.0,$/mt
2024-11-01,2024m11,Aluminum,2582.0,$/mt
2024-12-01,2024m12,Aluminum,2541.0,$/mt
2025-01-01,2025m1,Aluminum,2573.0,$/mt
2025-02-01,2025m2,Aluminum,2658.0,$/mt
2025-03-01,2025m3,Aluminum,2658.0,$/mt
2025-04-01,2025m4,Aluminum,2372.0,$/mt
2025-05-01,2025m5,Aluminum,2449.0,$/mt
2025-06-01,2025m6,Aluminum,2526.0,$/mt
2025-07-01,2025m7,Aluminum,2606.0,$/mt
2025-08-01,2025m8,Aluminum,2597.0,$/mt
2025-09-01,2025m9,Aluminum,2653.0,$/mt
2025-10-01,2025m10,Aluminum,2793.0,$/mt
2025-11-01,2025m11,Aluminum,2819.0,$/mt
2025-12-01,2025m12,Aluminum,2876.0,$/mt
2026-01-01,2026m1,Aluminum,3142.0,$/mt
2026-02-01,2026m2,Aluminum,3065.0,$/mt
2026-03-01,2026m3,Aluminum,3373.0,$/mt
2026-04-01,2026m4,Aluminum,3600.0,$/mt
2026-05-01,2026m5,Aluminum,3666.0,$/mt
2026-06-01,2026m6,Aluminum,3439.0,$/mt
2026-07-01,2026m7,Aluminum,3161.0,$/mt
2026-08-01,2026m8,Aluminum,3251.0,$/mt
