date,commodity,price,unit
2010-01-01,Gold,1118.0,$/troy oz
2010-02-01,Gold,1095.0,$/troy oz
2010-03-01,Gold,1113.0,$/troy oz
2010-04-01,Gold,1149.0,$/troy oz
2010-05-01,Gold,1205.0,$/troy oz
2010-06-01,Gold,1233.0,$/troy oz
2010-07-01,Gold,1193.0,$/troy oz
2010-08-01,Gold,1216.0,$/troy oz
2010-09-01,Gold,1271.0,$/troy oz
2010-10-01,Gold,1342.0,$/troy oz
2010-11-01,Gold,1370.0,$/troy oz
2010-12-01,Gold,1391.0,$/troy oz
2011-01-01,Gold,1360.0,$/troy oz
2011-02-01,Gold,1375.0,$/troy oz
2011-03-01,Gold,1423.0,$/troy oz
2011-04-01,Gold,1481.0,$/troy oz
2011-05-01,Gold,1513.0,$/troy oz
2011-06-01,Gold,1529.0,$/troy oz
2011-07-01,Gold,1573.0,$/troy oz
2011-08-01,Gold,1759.0,$/troy oz
2011-09-01,Gold,1772.0,$/troy oz
2011-10-01,Gold,1666.0,$/troy oz
2011-11-01,Gold,1739.0,$/troy oz
2011-12-01,Gold,1640.0,$/troy oz
2012-01-01,Gold,1654.0,$/troy oz
2012-02-01,Gold,1745.0,$/troy oz
2012-03-01,Gold,1676.0,$/troy oz
2012-04-01,Gold,1649.0,$/troy oz
2012-05-01,Gold,1589.0,$/troy oz
2012-06-01,Gold,1599.0,$/troy oz
2012-07-01,Gold,1594.0,$/troy oz
2012-08-01,Gold,1630.0,$/troy oz
2012-09-01,Gold,1745.0,$/troy oz
2012-10-01,Gold,1747.0,$/troy oz
2012-11-01,Gold,1722.0,$/troy oz
2012-12-01,Gold,1685.0,$/troy oz
2013-01-01,Gold,1672.0,$/troy oz
2013-02-01,Gold,1628.0,$/troy oz
2013-03-01,Gold,1593.0,$/troy oz
2013-04-01,Gold,1488.0,$/troy oz
2013-05-01,Gold,1414.0,$/troy oz
2013-06-01,Gold,1343.0,$/troy oz
2013-07-01,Gold,1286.0,$/troy oz
2013-08-01,Gold,1352.0,$/troy oz
2013-09-01,Gold,1349.0,$/troy oz
2013-10-01,Gold,1317.0,$/troy oz
2013-11-01,Gold,1276.0,$/troy oz
2013-12-01,Gold,1222.0,$/troy oz
2014-01-01,Gold,1244.0,$/troy oz
2014-02-01,Gold,1300.0,$/troy oz
2014-03-01,Gold,1336.0,$/troy oz
2014-04-01,Gold,1298.0,$/troy oz
2014-05-01,Gold,1289.0,$/troy oz
2014-06-01,Gold,1279.0,$/troy oz
2014-07-01,Gold,1311.0,$/troy oz
2014-08-01,Gold,1295.0,$/troy oz
2014-09-01,Gold,1237.0,$/troy oz
2014-10-01,Gold,1222.0,$/troy oz
2014-11-01,Gold,1175.0,$/troy oz
2014-12-01,Gold,1201.0,$/troy oz
2015-01-01,Gold,1251.0,$/troy oz
2015-02-01,Gold,1227.0,$/troy oz
2015-03-01,Gold,1179.0,$/troy oz
2015-04-01,Gold,1199.0,$/troy oz
2015-05-01,Gold,1199.0,$/troy oz
2015-06-01,Gold,1182.0,$/troy oz
2015-07-01,Gold,1128.0,$/troy oz
2015-08-01,Gold,1118.0,$/troy oz
2015-09-01,Gold,1125.0,$/troy oz
2015-10-01,Gold,1159.0,$/troy oz
2015-11-01,Gold,1086.0,$/troy oz
2015-12-01,Gold,1076.0,$/troy oz
2016-01-01,Gold,1098.0,$/troy oz
2016-02-01,Gold,1200.0,$/troy oz
2016-03-01,Gold,1245.0,$/troy oz
2016-04-01,Gold,1242.0,$/troy oz
2016-05-01,Gold,1261.0,$/troy oz
2016-06-01,Gold,1276.0,$/troy oz
2016-07-01,Gold,1337.0,$/troy oz
2016-08-01,Gold,1340.0,$/troy oz
2016-09-01,Gold,1327.0,$/troy oz
2016-10-01,Gold,1267.0,$/troy oz
2016-11-01,Gold,1238.0,$/troy oz
2016-12-01,Gold,1157.0,$/troy oz
2017-01-01,Gold,1192.0,$/troy oz
2017-02-01,Gold,1234.0,$/troy oz
2017-03-01,Gold,1231.0,$/troy oz
2017-04-01,Gold,1267.0,$/troy oz
2017-05-01,Gold,1246.0,$/troy oz
2017-06-01,Gold,1260.0,$/troy oz
2017-07-01,Gold,1237.0,$/troy oz
2017-08-01,Gold,1283.0,$/troy oz
2017-09-01,Gold,1314.0,$/troy oz
2017-10-01,Gold,1280.0,$/troy oz
2017-11-01,Gold,1282.0,$/troy oz
2017-12-01,Gold,1264.0,$/troy oz
2018-01-01,Gold,1331.0,$/troy oz
2018-02-01,Gold,1331.0,$/troy oz
2018-03-01,Gold,1325.0,$/troy oz
2018-04-01,Gold,1335.0,$/troy oz
2018-05-01,Gold,1303.0,$/troy oz
2018-06-01,Gold,1282.0,$/troy oz
2018-07-01,Gold,1238.0,$/troy oz
2018-08-01,Gold,1202.0,$/troy oz
2018-09-01,Gold,1198.0,$/troy oz
2018-10-01,Gold,1215.0,$/troy oz
2018-11-01,Gold,1221.0,$/troy oz
2018-12-01,Gold,1250.0,$/troy oz
2019-01-01,Gold,1292.0,$/troy oz
2019-02-01,Gold,1320.0,$/troy oz
2019-03-01,Gold,1301.0,$/troy oz
2019-04-01,Gold,1286.0,$/troy oz
2019-05-01,Gold,1284.0,$/troy oz
2019-06-01,Gold,1359.0,$/troy oz
2019-07-01,Gold,1413.0,$/troy oz
2019-08-01,Gold,1500.0,$/troy oz
2019-09-01,Gold,1511.0,$/troy oz
2019-10-01,Gold,1495.0,$/troy oz
2019-11-01,Gold,1471.0,$/troy oz
2019-12-01,Gold,1479.0,$/troy oz
2020-01-01,Gold,1561.0,$/troy oz
2020-02-01,Gold,1597.0,$/troy oz
2020-03-01,Gold,1592.0,$/troy oz
2020-04-01,Gold,1683.0,$/troy oz
2020-05-01,Gold,1716.0,$/troy oz
2020-06-01,Gold,1732.0,$/troy oz
2020-07-01,Gold,1847.0,$/troy oz
2020-08-01,Gold,1969.0,$/troy oz
2020-09-01,Gold,1922.0,$/troy oz
2020-10-01,Gold,1900.0,$/troy oz
2020-11-01,Gold,1866.0,$/troy oz
2020-12-01,Gold,1858.0,$/troy oz
2021-01-01,Gold,1867.0,$/troy oz
2021-02-01,Gold,1808.0,$/troy oz
2021-03-01,Gold,1718.0,$/troy oz
2021-04-01,Gold,1760.0,$/troy oz
2021-05-01,Gold,1850.0,$/troy oz
2021-06-01,Gold,1835.0,$/troy oz
2021-07-01,Gold,1808.0,$/troy oz
2021-08-01,Gold,1785.0,$/troy oz
2021-09-01,Gold,1775.0,$/troy oz
2021-10-01,Gold,1777.0,$/troy oz
2021-11-01,Gold,1822.0,$/troy oz
2021-12-01,Gold,1790.0,$/troy oz
2022-01-01,Gold,1816.0,$/troy oz
2022-02-01,Gold,1856.0,$/troy oz
2022-03-01,Gold,1948.0,$/troy oz
2022-04-01,Gold,1937.0,$/troy oz
2022-05-01,Gold,1849.0,$/troy oz
2022-06-01,Gold,1837.0,$/troy oz
2022-07-01,Gold,1733.0,$/troy oz
2022-08-01,Gold,1765.0,$/troy oz
2022-09-01,Gold,1681.0,$/troy oz
2022-10-01,Gold,1664.0,$/troy oz
2022-11-01,Gold,1725.0,$/troy oz
2022-12-01,Gold,1798.0,$/troy oz
2023-01-01,Gold,1898.0,$/troy oz
2023-02-01,Gold,1855.0,$/troy oz
2023-03-01,Gold,1913.0,$/troy oz
2023-04-01,Gold,2000.0,$/troy oz
2023-05-01,Gold,1992.0,$/troy oz
2023-06-01,Gold,1943.0,$/troy oz
2023-07-01,Gold,1951.0,$/troy oz
2023-08-01,Gold,1919.0,$/troy oz
2023-09-01,Gold,1916.0,$/troy oz
2023-10-01,Gold,1916.0,$/troy oz
2023-11-01,Gold,1984.0,$/troy oz
2023-12-01,Gold,2026.0,$/troy oz
2024-01-01,Gold,2034.0,$/troy oz
2024-02-01,Gold,2023.0,$/troy oz
2024-03-01,Gold,2158.0,$/troy oz
2024-04-01,Gold,2331.0,$/troy oz
2024-05-01,Gold,2351.0,$/troy oz
2024-06-01,Gold,2326.0,$/troy oz
2024-07-01,Gold,2398.0,$/troy oz
2024-08-01,Gold,2470.0,$/troy oz
2024-09-01,Gold,2571.0,$/troy oz
2024-10-01,Gold,2690.0,$/troy oz
2024-11-01,Gold,2651.0,$/troy oz
2024-12-01,Gold,2648.0,$/troy oz
2025-01-01,Gold,2710.0,$/troy oz
2025-02-01,Gold,2895.0,$/troy oz
2025-03-01,Gold,2983.0,$/troy oz
2025-04-01,Gold,3218.0,$/troy oz
2025-05-01,Gold,3309.0,$/troy oz
2025-06-01,Gold,3353.0,$/troy oz
2025-07-01,Gold,3340.0,$/troy oz
2025-08-01,Gold,3368.0,$/troy oz
2025-09-01,Gold,3668.0,$/troy oz
2025-10-01,Gold,4058.0,$/troy oz
2025-11-01,Gold,4087.0,$/troy oz
2025-12-01,Gold,4309.0,$/troy oz
2026-01-01,Gold,4753.0,$/troy oz
2026-02-01,Gold,5020.0,$/troy oz
2026-03-01,Gold,4856.0,$/troy oz
2026-04-01,Gold,4721.0,$/troy oz
2026-05-01,Gold,4587.0,$/troy oz
2026-06-01,Gold,4228.0,$/troy oz
2026-07-01,Gold,4073.0,$/troy oz
2026-08-01,Gold,4411.0,$/troy oz
